-- ministarstvo
insert into ministarstvo values(1, 'Ministarstvo zdravstva', 'Vili Beroš', '01/46 07 555');

-- uprava 
insert into uprava values(1, 'Uprava za primarnu zdravstvenu zaštitu, zdravstveni turizam, lijekove i medicinske proizvode, javno zdravstvo i javnozdravstvenu zaštitu', 'Danica Kramariæ', '01/4677-103', 1);
insert into uprava values(2, 'Glavno tajništvo', 'Andreja Devcic', 'Andreja.Devcic@miz.hr', 1);
insert into uprava values(3, 'Uprava za bolnièku zdravstvenu zaštitu, transplantaciju, biomedicinu i kvalitetu zdravstvene zaštite', 'Jasminka Hlupiæ', '01/4698-496', 1);
insert into uprava values(4, 'Uprava za financijske poslove i javnu nabavu', 'Gordan Žaniæ', '01/4607-514', 1);
insert into uprava values(5, 'Uprava za e-zdravstvo', 'Josipa Medved', '01/4607-513', 1);
insert into uprava values(6, 'Uprava za pravne poslove u zdravstvu', 'Marija Peæanac', '01/4607-662', 1);

-- sektor
insert into sektor values(1, 'Sektor za bolnièku zdravstvenu zaštitu i kvalitetu zdravstvene zaštite', 'Ivana Ruziæ', 'Ivana.Ruzic@miz.hr', 3);
insert into sektor values(2, 'Sektor za transplantaciju i biomedicinu', 'Martina Anušiæ Jurièiæ', '01/4607-538', 3);

insert into sektor values(3, 'Sektor za ljudske potencijale i struène poslove', 'Filip Leko', 'Filip.Leko@miz.hr', 2);
insert into sektor values(4, 'Sektor za uredsko poslovanje i tehnièke poslove', 'Milana Dragosavac', '01/4559-204', 2);

insert into sektor values(5, 'Sektor za primarnu zdravstvenu zaštitu i zdravstveni turizam', 'Ante Taraba', 'Ante.Taraba@miz.hr', 1);
insert into sektor values(6, 'Sektor za lijekove i medicinske proizvode', 'Romana Kataliniæ', '01/4607-541', 1);
insert into sektor values(7, 'Sektor za javno zdravstvo i javnozdravstvenu zaštitu', 'Dunja Skoko-Poljak', '01/4607-531', 1);

insert into sektor values(8, 'Sektor za financijske poslove', 'Domagoj Dodig', '01/4559-235', 4);
insert into sektor values(9, 'Sektor za javnu nabavu', 'Slaðana Èižmek', '01/4596-126', 4);

insert into sektor values(10, 'Sektor za podršku i nadzor informacijskih sustava', 'Andreja Matkun', '01/4698-413', 5);
insert into sektor values(11, 'Sektor za implementaciju  i unapreðenje informacijskih sustava', 'Hrvoje Belani', '01/4607-535', 5);

insert into sektor values(12, 'Sektor za pravne poslove', 'Bojan Vidoviæ', '01/4607-644', 6);
insert into sektor values(13, 'Sektor za upravne postupke i ljudske resurse', 'Hrvoje Tomljenoviæ', '01/4607-637', 6);

-- zavodi, agencije
insert into zavodi_i_agencije values(1, 'Agencija za lijekove i medicinske proizvode', 'Siniša Tomiæ', '01/4884-100', 1);
insert into zavodi_i_agencije values(2, 'Hrvatski zavod za zdravstveno osiguranje', 'Lucian Vukeliæ', '01/4806-341', 1);
insert into zavodi_i_agencije values(3, 'Hrvatski zavod za javno zdravstvo', 'Krunoslav Capak', '01/4863-236', 1);
insert into zavodi_i_agencije values(4, 'Hrvatski zavod za hitnu medicinu', 'Maja Grba Bujeviæ', '01/4654-533', 1);

-- službe
insert into služba values (1, 'Služba za organizaciju primarne zdravstvene zaštite', 'Veljko Vidoviæ', 'Veljko.Vidovic@miz.hr', 5, null);
insert into služba values (2, 'Služba za zdravstveni turizam', 'Mirjana Vukoviæ', '01/4607-627', 5, null);
insert into služba values (3, 'Služba za lijekove', 'Ivana Grabušiæ', '01/4607-633', 6, null);
insert into služba values (4, 'Služba za medicinske proizvode', 'Anita Golubiæ', '01/4607-539', 6, null);
insert into služba values (5, 'Služba za javnozdravstvenu zaštitu', 'Romana Mrkoviæ', '01/4607-553', 7, null);
insert into služba values (6, 'Služba za javno zdravstvo, zdravstvene projekte i programe', 'Nediljka Radiæ', 'Nediljka.Radic@miz.hr', 7, null);
insert into služba values (7, 'Služba za organizaciju, praæenje i unaprjeðenje bolnièke zdravstvene zaštite', 'Kristina Hrgar', '01/4607-517', 1, null);
insert into služba values (8, 'Služba za kvalitetu zdravstvene zaštite', 'Nina Bonèiæ Mijatoviæ', '01/4559-224', 1, null);
insert into služba values (9, 'Služba za transplantaciju', 'Ivana Ružiæ', '01/5315-153', 2, null);
insert into služba values (10, 'Služba za biomedicinu', 'Branka Malnar Grubišiæ', '01/4559-263', 2, null);
insert into služba values (11, 'Služba za upravljanje i razvoj ljudskih potencijala', 'Ana Marija Ban', '01/4607-688', 3, null);
insert into služba values (12, 'Služba za struène poslove', 'Mira Antunoviæ', '01/4607-669', 3, null);
insert into služba values (13, 'Služba za uredsko poslovanje', 'Andreja Devèiæ', '01/4607-509', 4, null);
insert into služba values (14, 'Služba za proraèun, analizu i decentralizirane funkcije', 'Larisa Jelak', '01/4607-514', 8, null);
insert into služba values (15, 'Služba za izvršenje proraèuna, raèunovodstvo i sustav unutarnjih kontrola', 'Dubravka Mariæ', '01/4607-656', 8, null);
insert into služba values (16, 'Služba za pripremu i provedbu postupaka javne nabave', 'Željko Milièeviæ', '01/4596-129', 9, null);
insert into služba values (17, 'Služba za planiranje i praæenje izvršenja', 'Božidar Herceg', '01/4559-239', 9, null);
insert into služba values (18, 'Služba za podršku, izvještavanje i nadzor unutarnjih informacijskih sustava', 'Ante Kisiæ', '01/4607-590', 10, null);
insert into služba values (19, 'Služba za podršku, izvještavanje i nadzor nacionalnih informacijskih sustava ', 'Vjeko Živkoviæ', '01/4607-534', 10, null);
insert into služba values (20, 'Služba za katalogizaciju, standardizaciju i certifikaciju', 'Saša Kasun', '01/7485-931', 11, null);
insert into služba values (21, 'Služba za implementaciju i sigurnost', 'Igor Sušiæ', '01/4607-568', 11, null);
insert into služba values (22, 'Služba za pravne i normativne poslove', 'Jasminka Katiæ Bubaš', '01/4607-549', 12, null);
insert into služba values (23, 'Služba za zastupanje i suradnju s pravosudnim tijelima, upravni nadzor i drugostupanjski postupak', 'Gordana Mustaè', '01/4607-687 ', 12, null);
insert into služba values (24, 'Služba za upravne postupke u sustavu primarne zdravstvene zaštite', 'Sonja Bobovec Barišiæ', '01/4607-530', 13, null);
insert into služba values (25, 'Služba za upravne postupke u sustavu bolnièke zdravstvene zaštite i javnom zdravstvu', 'Marija Pederin', '01/4607-651', 13, null);
insert into služba values (26, 'Služba za ljudske resurse i usavršavanje zdravstvenih radnika', 'Zdravko Batarilo', '01/4698-384', 13, null);
insert into služba values (27, 'Služba službenog laboratorija za provjeru lijekova', 'Lara Ðuriæ', '01/4356-556', null, 1);
insert into služba values (28, 'Služba za odobravanje lijekova', 'Andrija Radiæ', '01/9078-455', null, 1);
insert into služba values (29, 'Služba za sigurnu primjenu lijekova i medicinskih proizvoda', 'Goranka Jankoviæ', '01/1395-719', null, 1);
insert into služba values (30, 'Služba za pravne, ekonomske, informacijske i opæe poslove', 'Vjera Golub', '01/4822-641', null, 1);
insert into služba values (31, 'Služba pravnih poslova', 'Karla Brankoviæ', '01/6477-234', null, 2);
insert into služba values (32, 'Služba zdravstvene zaštite', 'Lazar Kolar', '01/7231-568', null, 2);
insert into služba values (33, 'Služba kontrole', 'Gabrijela Zoriæ', '01/2333-618', null, 2);
insert into služba values (34, 'Služba ekonomskih poslova', 'Silvija Pavièiæ', '01/5742-773', null, 2);
insert into služba values (35, 'Služba poslova informatike', 'Gojko Stjepaniæ', '01/3459-361', null, 2);
insert into služba values (36, 'Služba medicinskih poslova', 'Tanja Vidoviæ', '01/1745-993', null, 2);
insert into služba values (37, 'Služba dobrovoljnog zdravstvenog osiguranja', 'Marko Župan', '01/5388-646', null, 2);
insert into služba values (38, 'Služba za epidemiologiju zaraznih bolesti', 'Bernard Kaiæ', '01/6384-576', null, 3);
insert into služba values (39, 'Služba za zdravstvenu ekologiju', 'Pavle Jelièiæ', '01/4863-376', null, 3);
insert into služba values (40, 'Služba za mikrobiologiju', 'Ljiljana Žmak', '01/4642-151', null, 3);
insert into služba values (41, 'Služba za epidemiologiju i prevenciju kroniènih nezaraznih bolesti', 'Ivana Brkiæ Biloš', '01/4863-305', null, 3);
insert into služba values (42, 'Služba za javno zdravstvo', 'Ranko Stevanoviæ', '01/4863-232', null, 3);
insert into služba values (43, 'Služba za školsku medicinu, mentalno zdravlje i prevenciju ovisnosti', 'Ivana Paviæ Šimetin', '01/8367-132', null, 3);
insert into služba values (44, 'Služba za promicanje zdravlja', 'Laura Herceg', '01/8753-793', null, 3);
insert into služba values (45, 'Služba za medicinsku informatiku i biostatistiku', 'Ivan Pristaš', '01/4863-347', null, 3);
insert into služba values (46, 'Služba za medicinu rada', 'Ivica Kovaèiæ', '01/7522-904', null, 3);
insert into služba values (47, 'Služba za toksikologiju', 'Alojz Vukoviæ', '01/3065-201', null, 3);
insert into služba values (48, 'Služba za suzbijanje zlouporabe droga', 'Željko Petkoviæ', '01/4878-122', null, 3);

-- ustanove
insert into ustanova values (1, 'Primarna', 'Dom zdravlja Bjelovarsko-bilogorske županije', 'pisarnica@dom-zdravlja-bbz.hr', null, 1);
insert into ustanova values (2, 'Primarna', 'Dom zdravlja Donji Miholjac', 'pisarnica@dz-donjimiholjac.hr', null, 1);
insert into ustanova values (3, 'Primarna', 'Dom zdravlja Beli Manastir', 'pisarnica@dzbm.hr', null, 1);
insert into ustanova values (4, 'Primarna', 'Dom zdravlja Karlovac', 'pisarnica@dzka.t-com.hr', null, 1);
insert into ustanova values (5, 'Primarna', 'Dom zdravlja Ðakovo', 'pisarnica@dzdjakovo.hr', null, 1);
insert into ustanova values (6, 'Primarna', 'Dom zdravlja Korenica', 'info@domzdravljakorenica.hr', null, 1);
insert into ustanova values (7, 'Primarna', 'Dom zdravlja Metkoviæ', 'kadrovska@dzmetkovic.hr', null, 1);
insert into ustanova values (8, 'Primarna', 'Dom zdravlja Osijek', 'pisarnica@dzo.hr', null, 1);
insert into ustanova values (9, 'Primarna', 'Dom zdravlja Požeško-slavonske županije', 'pisarnica@dz-pozega.hr', null, 1);
insert into ustanova values (10, 'Primarna', 'Dom zdravlja Vinkovci', 'ured@dzvk.hr', null, 1);
insert into ustanova values (11, 'Primarna', 'P.O.Žuriæ dr.Dražen - opæa med.', '032/377-982', 'Parni dani prijepodne', 1);
insert into ustanova values (12, 'Primarna', 'P.O.Æenan dr.Ljiljana - opæa med.', '032/377-285', 'Parni dani poslijepodne', 1);
insert into ustanova values (13, 'Primarna', 'P.O.Pilipoviæ-Juriæ dr.Mira - opæa med.', 'Pilipoviæ@ordinacija.hr', null, 1);
insert into ustanova values (14, 'Primarna', 'O.DZ Vinkovci lok.Vinkovci-opæa', '032/340-738', null, 1);
insert into ustanova values (15, 'Primarna', 'O.DZ Virov.-Pod.žup. lok. Pitomaèa-om.', '033/536-864', null, 1);
insert into ustanova values (16, 'Primarna', 'O.DZ Virov.-Pod.žup. lok.Virovitica-om.', '033/411-074', null, 1);
insert into ustanova values (17, 'Primarna', 'P.O.Galešev dr.Radovan - opæa med.', 'Galešev@ordinacija.hr', null, 1);
insert into ustanova values (18, 'Primarna', 'P.O.Vojvodiæ dr.Aleksandra - opæa med.', 'Vojvodiæ@ordinacija.hr', null, 1);
insert into ustanova values (19, 'Primarna', 'P.O.Stojanoviæ dr.Alen - opæa med.', 'Stojanoviæ@ordinacija.hr', null, 1);
insert into ustanova values (20, 'Primarna', 'P.O.Macokatiæ Ilijaš dr.Lucija - opæa med.', 'Macokatiæ@ordinacija.hr', null, 1);
insert into ustanova values (21, 'Primarna', 'O.DZ Osijek lok.Osijek-stom.', '031/437-621', null, 1);
insert into ustanova values (22, 'Primarna', 'O.DZ Šimunoviæ Dubrovnik-stom.', '020/227-181', null, 1);
insert into ustanova values (23, 'Primarna', 'O.DZ Radetiæ Dubrovnik-stom.', '020/585-723', null, 1);
insert into ustanova values (24, 'Primarna', 'P.O.Šnajder dr.Romano - stomatolog', '020/753-890', null, 1);
insert into ustanova values (25, 'Primarna', 'P.O.Radiæ-Mioviæ dr.Sanja - stomatolog', '020/462-211', null, 1);
insert into ustanova values (26, 'Primarna', 'O.DZ Vinkovci lok.Ivankovo-stom.', '032/563-617', null, 1);
insert into ustanova values (27, 'Primarna', 'P.O.Mrša Banovac dr.Mima - stomatolog', '032/113-025', null, 1);
insert into ustanova values (28, 'Primarna', 'O.DZ Vinkovci lok.Vinkovci-stom.', '032/646-200', null, 1);
insert into ustanova values (29, 'Primarna', 'P.O.Haðinac dr.Vladimir - stomatolog', '031/631-466', null, 1);
insert into ustanova values (30, 'Sekundarna', 'Opæa bolnica Varaždin', '042/393-000', null, 1);
insert into ustanova values (31, 'Sekundarna', 'Opæa bolnica Zadar', '023/505-505', null, 1);
insert into ustanova values (32, 'Sekundarna', 'Opæa županijska bolnica Našice', '031/488-511', null, 1);
insert into ustanova values (33, 'Sekundarna', 'Nacionalna memorijalna bolnica Vukovar', '032/452-111', null, 1);
insert into ustanova values (34, 'Sekundarna', 'Opæa bolnica Bjelovar', '043/279-222', null, 1);
insert into ustanova values (35, 'Sekundarna', 'Opæa bolnica Gospiæ', '053/572-433', null, 1);
insert into ustanova values (36, 'Sekundarna', 'Opæa bolnica Virovitica', '033/747-444', null, 1);
insert into ustanova values (37, 'Tercijarna', 'Klinièki bolnièki centar Zagreb', '01/2388-888', null, 1);
insert into ustanova values (38, 'Tercijarna', 'Klinièki bolnièki centar Rijeka', '051/658-111', null, 1);
insert into ustanova values (39, 'Tercijarna', 'Klinièki bolnièki centar Split', '021/556-111', null, 1);
insert into ustanova values (40, 'Tercijarna', 'Klinièki bolnièki centar Sestre milosrdnice', '01/3787-111', null, 1);
insert into ustanova values (41, 'Tercijarna', 'Klinièki bolnièki centar Osijek', '031/511-511', null, 1);

-- lokacija
insert into lokacija values (1, 'J. Jelaèiæa 13 c', '43000', 'Bjelovar', 'Bjelovarsko-bilogorska županija');
insert into lokacija values (2, 'Trg Ante Starèeviæa 25', '31540', 'Donji Miholjac', 'Osjeèko-baranjska županija');
insert into lokacija values (3, 'Školska 5', '31300', 'Beli Manastir', 'Osjeèko-baranjska županija');
insert into lokacija values (4, 'D.V. Maèeka 48', '47000', 'Karlovac', 'Karlovaèka županija');
insert into lokacija values (5, 'Petra Preradoviæa 2', '31400', 'Ðakovo', 'Osjeèko-baranjska županija');
insert into lokacija values (6, 'Zagrebaèaka 41', '53230', 'Korenica', 'Lièko-senjska županija');
insert into lokacija values (7, 'Dr. A. Starèeviæa 12', '20350', 'Metkoviæ', 'Dubrovaèko-neretvanska županija');
insert into lokacija values (8, 'Park kralja Petra Krešimira IV br. 6', '31000', 'Osijek', 'Osjeèko-baranjska županija');
insert into lokacija values (9, 'M. Gupca 10', '34000', 'Požega', 'Požeško-slavonska županija');
insert into lokacija values (10, 'Kralja Zvonimira 53', '32100', 'Vinkovci', 'Vukovarsko-srijemska županija');
insert into lokacija values (11, 'Rojièani 2', '32281', 'Ivankovo', 'Vukovarsko-srijemska županija');
insert into lokacija values (12, 'Splitska 41', '32100', 'Vinkovci', 'Vukovarsko-srijemska županija');
insert into lokacija values (13, 'Trg kralja Tomislava 3', '33405', 'Pitomaèa', 'Virovitièko-podravska županija');
insert into lokacija values (14, 'Prolaz kod Snježne Gospe 1', '31000', 'Osijek', 'Osjeèko-baranjska županija');
insert into lokacija values (15, 'Dr. Ante Starèeviæa 1', '20000', 'Dubrovnik', 'Dubrovaèko-neretvanska županija');
insert into lokacija values (16, 'Ljudevita Gaja 21', '33000', 'Virovitica', 'Virovitièko-podravska županija');
insert into lokacija values (17, 'Kaniška 111', '53000', 'Gospiæ', 'Lièko-senjska županija');
insert into lokacija values (18, 'Mihanoviæeva 8', '43000', 'Bjelovar', 'Bjelovarsko-bilogorska županija');
insert into lokacija values (19, 'Županijska 35', '32000', 'Vukovar', 'Vukovarsko-srijemska županija');
insert into lokacija values (20, 'Ulica bana Jelaèiæa 10', '31500', 'Našice', 'Osjeèko-baranjska županija');
insert into lokacija values (21, 'Bože Perièiæa 5', '23000', 'Zadar', 'Zadarska županija');
insert into lokacija values (22, 'I. Meštroviæa 1', '42000', 'Varaždin', 'Varaždinska županija');
insert into lokacija values (23, 'Kišpatiæeva 12', '10000', 'Zagreb', 'Grad Zagreb');
insert into lokacija values (24, 'Krešimirova 42', '51000', 'Rijeka', 'Primorsko-goranska županija');
insert into lokacija values (25, 'Spinèiæeva 1', '21000', 'Split', 'Splitsko-dalmatinska županija');
insert into lokacija values (26, 'Vinogradska cesta 29', '10000', 'Zagreb', 'Grad Zagreb');
insert into lokacija values (27, 'J. Huttlera 4', '31000', 'Osijek', 'Osjeèko-baranjska županija');

-- ustanova-lokacija
insert into ustanova_lokacija values (1, 1);
insert into ustanova_lokacija values (2, 2);
insert into ustanova_lokacija values (3, 3);
insert into ustanova_lokacija values (4, 4);
insert into ustanova_lokacija values (5, 5);
insert into ustanova_lokacija values (6, 6);
insert into ustanova_lokacija values (7, 7);
insert into ustanova_lokacija values (8, 8);
insert into ustanova_lokacija values (9, 9);
insert into ustanova_lokacija values (10, 10);
insert into ustanova_lokacija values (11, 11);
insert into ustanova_lokacija values (11, 12);
insert into ustanova_lokacija values (12, 13);
insert into ustanova_lokacija values (12, 14);
insert into ustanova_lokacija values (13, 15);
insert into ustanova_lokacija values (13, 16);
insert into ustanova_lokacija values (13, 17);
insert into ustanova_lokacija values (14, 18);
insert into ustanova_lokacija values (14, 19);
insert into ustanova_lokacija values (14, 20);
insert into ustanova_lokacija values (14, 21);
insert into ustanova_lokacija values (15, 22);
insert into ustanova_lokacija values (15, 23);
insert into ustanova_lokacija values (15, 24);
insert into ustanova_lokacija values (15, 25);
insert into ustanova_lokacija values (11, 26);
insert into ustanova_lokacija values (11, 27);
insert into ustanova_lokacija values (10, 28);
insert into ustanova_lokacija values (10, 29);
insert into ustanova_lokacija values (22, 30);
insert into ustanova_lokacija values (21, 31);
insert into ustanova_lokacija values (20, 32);
insert into ustanova_lokacija values (19, 33);
insert into ustanova_lokacija values (18, 34);
insert into ustanova_lokacija values (17, 35);
insert into ustanova_lokacija values (16, 36);
insert into ustanova_lokacija values (23, 37);
insert into ustanova_lokacija values (24, 38);
insert into ustanova_lokacija values (25, 39);
insert into ustanova_lokacija values (26, 40);
insert into ustanova_lokacija values (27, 41);

-- korisnik 
insert into korisnik values('19922906892', 'Lovro', 'Golub', 'lgolub@email.com');
insert into korisnik values('47041428509', 'Ema', 'Franjiæ', 'efranjic@email.com');
insert into korisnik values('65019021623', 'Jasmina', 'Kovaèiæ', 'jkovacic@email.com');
insert into korisnik values('46375890908', 'Martina', 'Stjepaniæ', 'mstjepanic@email.com');
insert into korisnik values('96148740554', 'Ljilja', 'Bogdanoviæ', 'ljbogdanovic@email.com');
insert into korisnik values('02033251709', 'Ivo', 'Kovaèeviæ', 'ikovacevic@email.com');
insert into korisnik values('95703251915', 'Marina', 'Pavièiæ', 'mpavicic@email.com');
insert into korisnik values('06579500615', 'Ivo', 'Pavièiæ', 'ipavicic@gmail.com');
insert into korisnik values('06437237233', 'Pavle', 'Brankoviæ', 'pbrankovic@email.com');
insert into korisnik values('69753874175', 'Vera', 'Kokot', 'vkokot@email.com');
insert into korisnik values('73578922397', 'Ljuba', 'Franjiæ', 'lfranjic@email.com');
insert into korisnik values('58253038897', 'Pavao', 'Perkoviæ', 'pperkovic@email.com');
insert into korisnik values('50690098273', 'Tihana', 'Jugovac', 'tjugovac@email.com');
insert into korisnik values('14657590749', 'Petra', 'Juriša', 'pjurisa@email.com');
insert into korisnik values('19674598131', 'Zvonimir', 'Vidoviæ', 'zvidovic@email.com');
insert into korisnik values('07349403930', 'Jana', 'Kralj', 'jkralj@email.com');
insert into korisnik values('39920030359', 'Mia', 'Luèiæ', 'mlucic@email.com');
insert into korisnik values('33479423884', 'Marijeta', 'Nikoliæ', 'mnikolic@email.com');
insert into korisnik values('08828086723', 'Nedeljka', 'Košar', 'nkosar@email.com');
insert into korisnik values('62231842982', 'Jaga', 'Košar', 'jkosar@email.com');
insert into korisnik values('49409609684', 'Damir', 'Paviæ', 'dpavic@email.com');
insert into korisnik values('82514597389', 'Milan', 'Petroviæ', 'mpetrovic@email.com');
insert into korisnik values('28459137403', 'Duško', 'Medved', 'dmedved@email.com');
insert into korisnik values('03811137684', 'Arijana', 'Marušiæ', 'amarusic@email.com');
insert into korisnik values('48136062313', 'Juraj', 'Marušiæ', 'jmarusic@email.com');
insert into korisnik values('04555166417', 'Frane', 'Bogdaniæ', 'fbogdanic@email.com');
insert into korisnik values('23393355221', 'Katica', 'Petriæ', 'kpetric@email.com');
insert into korisnik values('04243547113', 'Ðurað', 'Lovriæ', 'dlovric@email.com');
insert into korisnik values('14216288089', 'Petar', 'Vukoviæ', 'pvukovic@email.com');
insert into korisnik values('32302978621', 'Želimir', 'Šimunoviæ', 'zsimunovic@email.com');
insert into korisnik values('87321189212', 'Agneza', 'Novak', 'anovak@email.com');
insert into korisnik values('15787758475', 'Jure', 'Jugovac', 'jjugovac@email.com');
insert into korisnik values('54356201520', 'Mateo', 'Mlakar', 'mmlakar@email.com');
insert into korisnik values('93070818307', 'Klara', 'Petroviæ', 'kpetrovic@email.com');
insert into korisnik values('33917924974', 'Bojan', 'Martinoviæ', 'bmartinovic@email.com');
insert into korisnik values('74247704735', 'Jela', 'Kolariæ', 'jkolaric@email.com');
insert into korisnik values('52291038711', 'Petra', 'Filipoviæ', 'pfilipovic@email.com');
insert into korisnik values('92193634977', 'Janko', 'Juriša', 'jjurisa@email.com');
insert into korisnik values('19920242396', 'Jadranko', 'Živkoviæ', 'jzivkovic@email.com');
insert into korisnik values('63511938667', 'Višeslav', 'Miliæ', 'vmilic@email.com');
insert into korisnik values('01127693018', 'Mirna', 'Mlakar', 'mmlakar@email.com');
insert into korisnik values('74870848259', 'Anica', 'Vukoviæ', 'avukovic@email.com');
insert into korisnik values('61379030049', 'Željka', 'Juriæ', 'zjuric@email.com');
insert into korisnik values('18446925759', 'Vatroslav', 'Ivankoviæ', 'vivankovic@email.com');
insert into korisnik values('31868045696', 'Paškal', 'Božiæ', 'pbozic@email.com');
insert into korisnik values('89142167810', 'Dobrila', 'Kralj', 'dkralj@email.com');
insert into korisnik values('27949281629', 'Zvonimir', 'Antiæ', 'zantic@email.com');
insert into korisnik values('71617819747', 'Sofija', 'Kolar', 'skolar@email.com');
insert into korisnik values('16864201356', 'Borna', 'Ivankoviæ', 'bivankovic@email.com');
insert into korisnik values('95692075454', 'Dario', 'Vidoviæ', 'dvidovic@email.com');
insert into korisnik values('93481828380', 'Miro', 'Dragiæ', 'mdragic@email.com');
insert into korisnik values('96388617033', 'Sandra', 'Horvat', 'shorvat@email.com');
insert into korisnik values('55921700745', 'Raljko', 'Brankoviæ', 'rbrankovic@email.com');
insert into korisnik values('62794081460', 'Dobroslav', 'Dragiæ', 'ddragic@email.com');
insert into korisnik values('06449941921', 'Dragutin', 'Dragoviæ', 'ddragovic@email.com');
insert into korisnik values('59643729133', 'Marina', 'Marušiæ', 'mmarusic@email.com');
insert into korisnik values('28142059587', 'Živka', 'Dragoviæ', 'zdragovic@email.com');
insert into korisnik values('13816972663', 'Vinko', 'Periæ', 'vperic@email.com');
insert into korisnik values('71284472966', 'Stojan', 'Mihaljeviæ', 'smihaljevic@email.com');
insert into korisnik values('91647406992', 'Matej', 'Medved', 'mmedved@email.com');
insert into korisnik values('10594569008', 'Ozana', 'Vukoviæ', 'ovukovic@email.com');
insert into korisnik values('89482188398', 'Joso', 'Juriæ', 'jjuric@email.com');
insert into korisnik values('63512406622', 'Kristina', 'Pavloviæ', 'kpavlovic@email.com');
insert into korisnik values('53808145548', 'Stanko', 'Stjepaniæ', 'sstjepanic@email.com');
insert into korisnik values('03042526782', 'Daria', 'Tomiæ', 'dtomic@email.com');
insert into korisnik values('29710961532', 'Helena', 'Vukoviæ', 'hvukovic@email.com');
insert into korisnik values('29785180744', 'Aleksandar', 'Vinkoviæ', 'avinkovic@email.com');
insert into korisnik values('93596838513', 'Ljubomir', 'Luèiæ', 'ljlucic@email.com');
insert into korisnik values('35898964400', 'Jakša', 'Dragiæ', 'jdragic@email.com');
insert into korisnik values('28716434238', 'Berislav', 'Vlahoviæ', 'bvlahovic@email.com');
insert into korisnik values('12228918483', 'Viktor', 'Franiæ', 'vfranic@email.com');
insert into korisnik values('85488614883', 'Ružica', 'Petriæ', 'rpetric@email.com');
insert into korisnik values('64151136338', 'Zorica', 'Kralj', 'zkralj@email.com');
insert into korisnik values('00701303762', 'Dubravka', 'Kneževiæ', 'dknezevic@email.com');
insert into korisnik values('99038574219', 'Nina', 'Juriša', 'njurisa@email.com');
insert into korisnik values('40625909008', 'Ilija', 'Golub', 'igolub@email.com');
insert into korisnik values('53823357284', 'Saša', 'Matijeviæ', 'smatijevic@email.com');
insert into korisnik values('84222297709', 'Antonio', 'Mihaljeviæ', 'amihaljevic@email.com');
insert into korisnik values('09107648472', 'Nela', 'Miliæ', 'nmilic@email.com');
insert into korisnik values('30590745813', 'Vlatko', 'Ivankoviæ', 'vivankovic@email.com');
insert into korisnik values('35162427651', 'Zdenko', 'Matiæ', 'zmatic@email.com');
insert into korisnik values('42951936287', 'Ognjan', 'Vlašiæ', 'ovlasic@email.com');
insert into korisnik values('81704122436', 'Dejana', 'Kovaè', 'dkovac@email.com');
insert into korisnik values('44857254783', 'Joso', 'Kovaèeviæ', 'jkovacevic@email.com');
insert into korisnik values('24640973017', 'Marijana', 'Vidoviæ', 'mvidovic@email.com');
insert into korisnik values('94765510181', 'Mirna', 'Mlakar', 'mlakarmirna@email.com');
insert into korisnik values('39062525594', 'Bojan', 'Martinoviæ', 'martinovicbojan@email.com');

-- ustanova korisnik
insert into ustanova_korisnik values('19922906892', 2);
insert into ustanova_korisnik values('19922906892', 41);
insert into ustanova_korisnik values('47041428509', 7);
insert into ustanova_korisnik values('65019021623', 10);
insert into ustanova_korisnik values('46375890908', 40);
insert into ustanova_korisnik values('46375890908', 1);
insert into ustanova_korisnik values('96148740554', 9);
insert into ustanova_korisnik values('96148740554', 12);
insert into ustanova_korisnik values('96148740554', 27);
insert into ustanova_korisnik values('02033251709', 37);
insert into ustanova_korisnik values('95703251915', 2);
insert into ustanova_korisnik values('06579500615', 3);
insert into ustanova_korisnik values('06437237233', 4);
insert into ustanova_korisnik values('06437237233', 40);
insert into ustanova_korisnik values('69753874175', 39);
insert into ustanova_korisnik values('73578922397', 5);
insert into ustanova_korisnik values('58253038897', 6);
insert into ustanova_korisnik values('58253038897', 33);
insert into ustanova_korisnik values('50690098273', 8);
insert into ustanova_korisnik values('14657590749', 11);
insert into ustanova_korisnik values('19674598131', 13);
insert into ustanova_korisnik values('07349403930', 14);
insert into ustanova_korisnik values('07349403930', 41);
insert into ustanova_korisnik values('39920030359', 15);
insert into ustanova_korisnik values('33479423884', 16);
insert into ustanova_korisnik values('33479423884', 36);
insert into ustanova_korisnik values('08828086723', 17);
insert into ustanova_korisnik values('62231842982', 18);
insert into ustanova_korisnik values('62231842982', 37);
insert into ustanova_korisnik values('62231842982', 40);
insert into ustanova_korisnik values('49409609684', 19);
insert into ustanova_korisnik values('82514597389', 20);
insert into ustanova_korisnik values('28459137403', 21);
insert into ustanova_korisnik values('03811137684', 22);
insert into ustanova_korisnik values('48136062313', 23);
insert into ustanova_korisnik values('04555166417', 24);
insert into ustanova_korisnik values('23393355221', 25);
insert into ustanova_korisnik values('23393355221', 40);
insert into ustanova_korisnik values('04243547113', 26);
insert into ustanova_korisnik values('14216288089', 28);
insert into ustanova_korisnik values('32302978621', 29);
insert into ustanova_korisnik values('87321189212', 7);
insert into ustanova_korisnik values('87321189212', 39);
insert into ustanova_korisnik values('15787758475', 30);
insert into ustanova_korisnik values('54356201520', 30);
insert into ustanova_korisnik values('93070818307', 30);
insert into ustanova_korisnik values('93070818307', 37);
insert into ustanova_korisnik values('33917924974', 31);
insert into ustanova_korisnik values('74247704735', 31);
insert into ustanova_korisnik values('52291038711', 31);
insert into ustanova_korisnik values('92193634977', 31);
insert into ustanova_korisnik values('19920242396', 31);
insert into ustanova_korisnik values('19920242396', 37);
insert into ustanova_korisnik values('19920242396', 39);
insert into ustanova_korisnik values('63511938667', 32);
insert into ustanova_korisnik values('01127693018', 32);
insert into ustanova_korisnik values('74870848259', 32);
insert into ustanova_korisnik values('61379030049', 32);
insert into ustanova_korisnik values('61379030049', 41);
insert into ustanova_korisnik values('18446925759', 33);
insert into ustanova_korisnik values('31868045696', 33);
insert into ustanova_korisnik values('89142167810', 33);
insert into ustanova_korisnik values('27949281629', 33);
insert into ustanova_korisnik values('27949281629', 26);
insert into ustanova_korisnik values('71617819747', 34);
insert into ustanova_korisnik values('16864201356', 34);
insert into ustanova_korisnik values('95692075454', 34);
insert into ustanova_korisnik values('93481828380', 34);
insert into ustanova_korisnik values('96388617033', 34);
insert into ustanova_korisnik values('55921700745', 34);
insert into ustanova_korisnik values('55921700745', 40);
insert into ustanova_korisnik values('62794081460', 35);
insert into ustanova_korisnik values('06449941921', 35);
insert into ustanova_korisnik values('59643729133', 35);
insert into ustanova_korisnik values('28142059587', 35);
insert into ustanova_korisnik values('28142059587', 37);
insert into ustanova_korisnik values('13816972663', 36);
insert into ustanova_korisnik values('71284472966', 36);
insert into ustanova_korisnik values('91647406992', 36);
insert into ustanova_korisnik values('10594569008', 36);
insert into ustanova_korisnik values('89482188398', 36);
insert into ustanova_korisnik values('89482188398', 16);
insert into ustanova_korisnik values('63512406622', 37);
insert into ustanova_korisnik values('53808145548', 37);
insert into ustanova_korisnik values('03042526782', 37);
insert into ustanova_korisnik values('29710961532', 37);
insert into ustanova_korisnik values('29710961532', 5);
insert into ustanova_korisnik values('29785180744', 41);
insert into ustanova_korisnik values('93596838513', 37);
insert into ustanova_korisnik values('93596838513', 40);
insert into ustanova_korisnik values('35898964400', 37);
insert into ustanova_korisnik values('28716434238', 38);
insert into ustanova_korisnik values('12228918483', 38);
insert into ustanova_korisnik values('12228918483', 35);
insert into ustanova_korisnik values('85488614883', 38);
insert into ustanova_korisnik values('64151136338', 38);
insert into ustanova_korisnik values('00701303762', 39);
insert into ustanova_korisnik values('99038574219', 39);
insert into ustanova_korisnik values('99038574219', 22);
insert into ustanova_korisnik values('40625909008', 39);
insert into ustanova_korisnik values('53823357284', 39);
insert into ustanova_korisnik values('53823357284', 23);
insert into ustanova_korisnik values('84222297709', 39);
insert into ustanova_korisnik values('09107648472', 24);
insert into ustanova_korisnik values('30590745813', 40);
insert into ustanova_korisnik values('30590745813', 41);
insert into ustanova_korisnik values('35162427651', 40);
insert into ustanova_korisnik values('35162427651', 41);
insert into ustanova_korisnik values('35162427651', 21);
insert into ustanova_korisnik values('42951936287', 40);
insert into ustanova_korisnik values('81704122436', 40);
insert into ustanova_korisnik values('44857254783', 41);
insert into ustanova_korisnik values('24640973017', 41);
insert into ustanova_korisnik values('94765510181', 41);
insert into ustanova_korisnik values('94765510181', 28);
insert into ustanova_korisnik values('39062525594', 13);

-- zaposlenik 
insert into zaposlenik values(1, 'Zrinka', 'Košar', 'zkosar@email.hr', '04.04.2002', 'oftamolog', '099 475 1425', 1, null);
insert into zaposlenik values(2, 'Neda', 'Kolar', 'nkolar@email.hr', '16.12.2020', 'ginekolog', '099 543 4252', 1, null);
insert into zaposlenik values(3, 'Ana', 'Perkoviæ', 'aperkovic@email.hr', '08.01.1998', 'fizioterapeut', '098 521 0061', 2, null);
insert into zaposlenik values(4, 'Nebojša', 'Juriša', 'njurisa@email.hr', '16.02.2017', 'zdravstveno-lab tehnièar', null, 2, null);
insert into zaposlenik values(5, 'Mia', 'Jankoviæ', 'mjankovic@email.hr', '19.08.1996', 'oftamolog', '099 847 1447', 3, null);
insert into zaposlenik values(6, 'Tatjana', 'Zoriæ', 'tzoric@email.hr', '13.04.2004', 'pedijatar', '098 785 3354', 3, null);
insert into zaposlenik values(7, 'Drago', 'Matijeviæ', 'dmatijevic@email.hr', '11.11.2014', 'radiološki tehnolog', null, 3, null);
insert into zaposlenik values(8, 'Matko', 'Župan', 'mzupan@email.com', '13.07.2018', 'radiološki tehnolog', null, 4, null);
insert into zaposlenik values(9, 'Perica', 'Kneževiæ', 'pknezevic@email.hr', '27.07.2000', 'oftamolog', '095 623 8747', 4, null);
insert into zaposlenik values(10, 'Margareta', 'Pavièiæ', 'mpavicic@email.hr', '28.06.2001', 'pedijatar', '098 756 7791', 5, null);
insert into zaposlenik values(11, 'Vesna', 'Vukoja', 'vvukoja@email.com', '07.03.2017', 'ginekolog', '099 078 5456', 5, null);
insert into zaposlenik values(12, 'Aljoša', 'Pavloviæ', 'apavlovic@email.hr', '20.09.2017', 'fizioterapeut', null, 6, null);
insert into zaposlenik values(13, 'Slavka', 'Filipoviæ', 'sfilipovic@email.hr', '12.03.2004', 'pedijatar', '095 987 4180', 6, null);
insert into zaposlenik values(14, 'Anðelka', 'Adamiæ', 'aadamic@email.hr', '01.11.2016', 'oftamolog', null, 6, null);
insert into zaposlenik values(15, 'Bruna', 'Franiæ', 'bfranic@email.hr', '10.10.2008', 'pedijatar', null, 7, null);
insert into zaposlenik values(16, 'Valentina', 'Dragiæ', 'vdragic@email.hr', '28.06.2005', 'fizioterapeut', null, 7, null);
insert into zaposlenik values(17, 'Mirta', 'Periæ', 'mperic@email.hr', '20.03.2008', 'oftamolog', '099 847 1164', 8, null);
insert into zaposlenik values(18, 'Karlo', 'Paviæ', 'kpavic@email.hr', '07.03.2017', 'pedijatar', '099 794 4721', 8, null);
insert into zaposlenik values(19, 'Lara', 'Paviæ', 'lpavic@email.hr', '22.02.2016', 'zdravstveno-lab tehnièar', null, 9, null);
insert into zaposlenik values(20, 'Jana', 'Juriæ', 'jjuric@email.hr', '02.01.2015', 'oftamolog', '098 452 1147', 9, null);
insert into zaposlenik values(21, 'Bartolomej', 'Kolar', 'bkolar@email.hr', '28.12.2005', 'fizioterapeut', '098 457 2208', 10, null);
insert into zaposlenik values(22, 'Duje', 'Antiæ', 'dantic@email.hr', '30.08.2004', 'oftamolog', '099 642 1176', 10, null);
insert into zaposlenik values(23, 'Aljoša', 'Mihaljeviæ', 'amihaljevic@email.hr', '26.08.2004', 'ginekolog', '095 470 0984', 10, null);
insert into zaposlenik values(24, 'Dražen', 'Žuriæ', 'dzuric@email.hr', '14.12.1995', 'dr. opæe med.', '099 177 0431', 11, null);
insert into zaposlenik values(25, 'Mirela', 'Božiæ', 'mbozic@email.hr', '15.03.2013', 'medicinski tehnièar', null, 11, null);
insert into zaposlenik values(26, 'Ljiljana', 'Æenan', 'ljcenan@email.hr', '13.09.2001', 'dr. opæe med.', '098 401 5388', 12, null);
insert into zaposlenik values(27, 'Sebastijan', 'Kolariæ', 'sebakolaric@email.hr', '25.02.2015', 'medicinski tehnièar', null, 12, null);
insert into zaposlenik values(28, 'Mira', 'Pilipoviæ Juriæ', 'mpilipovicjuric@email.hr', '02.05.2003', 'dr. opæe med.', '099 110 9589', 13, null);
insert into zaposlenik values(29, 'Ðurðica', 'Herceg', 'djurdicaherceg@email.hr', '01.05.2015', 'medicinski tehnièar', null, 13, null);
insert into zaposlenik values(30, 'Zorka', 'Dragoviæ', 'zdragovic@email.hr', '02.12.2003', 'dr. opæe med.', '095 131 7832', 14, null);
insert into zaposlenik values(31, 'Miloš', 'Crnèeviæ', 'mcrncevic@email.hr', '02.05.2015', 'medicinski tehnièar', null, 14, null);
insert into zaposlenik values(32, 'Stjepan', 'Lonèar', 'sloncar@email.hr', '04.07.2005', 'dr. opæe med.', '099 441 1889', 15, null);
insert into zaposlenik values(33, 'Mira', 'Stojanoviæ', 'mirastojanovic@email.hr', '06.07.2016', 'medicinski tehnièar', null, 15, null);
insert into zaposlenik values(34, 'Radmila', 'Jugovac', 'radmilaj@email.hr', '12.06.2006', 'dr. opæe med.', '099 491 2112', 16, null);
insert into zaposlenik values(35, 'Hana', 'Medved', 'hanamedved@email.hr', '15.07.2016', 'medicinski tehnièar', null, 16, null);
insert into zaposlenik values(36, 'Radovan', 'Galeveš', 'rgaleves@email.hr', '10.08.2006', 'dr. opæe med.', '098 990 4033', 17, null);
insert into zaposlenik values(37, 'Neven', 'Æosiæ', 'ncosic@email.hr', '03.02.2017', 'medicinski tehnièar', null, 17, null);
insert into zaposlenik values(38, 'Aleksandra', 'Vojvodiæ', 'aleksandrav@email.hr', '18.09.2007', 'dr. opæe med.', '099 133 7565', 18, null);
insert into zaposlenik values(39, 'Gordana', 'Nikoliæ', 'gordanan@email.hr', '22.12.2017', 'medicinski tehnièar', null, 18, null);
insert into zaposlenik values(40, 'Alen', 'Stojanoviæ', 'astojanovic@email.hr', '11.10.2007', 'dr. opæe med.', '095 912 5122', 19, null);
insert into zaposlenik values(41, 'Martin', 'Zoriæ', 'martinz@email.hr', '15.04.2019', 'medicinski tehnièar', null, 19, null);
insert into zaposlenik values(42, 'Lucija', 'Macokatiæ Ilijaš', 'lucijami@email.hr', '07.08.2008', 'dr. opæe med.', '099 624 1778', 20, null);
insert into zaposlenik values(43, 'Martina', 'Šimunoviæ', 'martinasimunovic@email.hr', '25.10.2019', 'medicinski tehnièar', null, 20, null);
insert into zaposlenik values(44, 'Nina', 'Broz', 'ninabroz@email.hr', '18.03.2010', 'stomatolog', '099 326 1127', 21, null);
insert into zaposlenik values(45, 'Vesna', 'Periæ', 'vperic@email.hr', '06.02.2020', 'dentalni tehnièar', null, 21, null);
insert into zaposlenik values(46, 'Darijo', 'Šimunoviæ', 'dsimunovic@email.hr', '27.10.2011', 'stomatolog', '095 231 9053', 22, null);
insert into zaposlenik values(47, 'Marica', 'Petroviæ', 'mpetrovic@email.hr', '31.07.2020', 'dentalni tehnièar', null, 22, null);
insert into zaposlenik values(48, 'Zlatan', 'Radetiæ', 'zlatanr@email.hr', '17.07.1995', 'stomatolog', '099 811 2143', 23, null);
insert into zaposlenik values(49, 'Mario', 'Jankoviæ', 'mariojan@email.hr', '03.04.2008', 'dentalni tehnièar', null, 23, null);
insert into zaposlenik values(50, 'Romano', 'Šnajder', 'rsnajder@email.hr', '26.11.1997', 'stomatolog', '098 532 8193', 24, null);
insert into zaposlenik values(51, 'Dragutin', 'Kovaè', 'dragutink@email.hr', '19.06.2009', 'dentalni tehnièar', null, 24, null);
insert into zaposlenik values(52, 'Sanja', 'Radiæ Mioviæ', 'sanjarm@email.hr', '26.04.2000', 'stomatolog', '098 533 1632', 25, null);
insert into zaposlenik values(53, 'Andrej', 'Kovaèiæ', 'andrejkova@email.hr', '29.11.2011', 'dentalni tehnièar', null, 25, null);
insert into zaposlenik values(54, 'Veronika', 'Vukoja', 'veronikav@email.hr', '27.06.2001', 'stomatolog', '098 884 3188', 26, null);
insert into zaposlenik values(55, 'Vlaho', 'Vinkoviæ', 'vvlahovv@email.hr', '04.04.2014', 'dentalni tehnièar', null, 26, null);
insert into zaposlenik values(56, 'Mima', 'Mrša Banovac', 'mmbanovac@email.hr', '10.09.2003', 'stomatolog', '099 411 3417', 27, null);
insert into zaposlenik values(57, 'Miljenko', 'Horvat', 'miljenkoh@email.hr', '08.09.2015', 'dentalni tehnièar', null, 27, null);
insert into zaposlenik values(58, 'Magdalena', 'Stjepanoviæ', 'mstjepanovic@email.hr', '09.03.2005', 'stomatolog', '099 813 3866', 28, null);
insert into zaposlenik values(59, 'Ante', 'Šimunoviæ', 'asimunovic@email.hr', '22.08.2016', 'dentalni tehnièar', null, 28, null);
insert into zaposlenik values(60, 'Vladimir', 'Haðinac', 'vhadinac@email.hr', '17.01.2007', 'stomatolog', '095 938 7725', 29, null);
insert into zaposlenik values(61, 'Jakša', 'Radiæ', 'jaksaradic@email.hr', '14.12.2018', 'dentalni tehnièar', null, 29, null);
insert into zaposlenik values(62, 'Borislav', 'Nikoliæ', 'bnikolic@email.hr', '16.05.1996', 'kirurg', null, 30, null);
insert into zaposlenik values(63, 'Slaven', 'Živkoviæ', 'szivkovic@email.hr', '23.09.1996', 'pedijatar', null, 30, null);
insert into zaposlenik values(64, 'Klementina', 'Jugovac', 'klementinaj@email.hr', '09.02.1998', 'onkolog', null, 30, null);
insert into zaposlenik values(65, 'Ljilja', 'Kasun', 'ljkasun@email.hr', '06.11.1998', 'kirurg', null, 31, null);
insert into zaposlenik values(66, 'Mare', 'Lovriæ', 'marelovric@email.hr', '08.01.1999', 'onkolog', null, 31, null);
insert into zaposlenik values(67, 'Bernarda', 'Matiæ', 'bmatic@email.hr', '09.02.2000', 'pulmolog', null, 31, null);
insert into zaposlenik values(68, 'Toni', 'Martinoviæ', 'tmartinovic@email.hr', '11.04.2000', 'kirurg', null, 32, null);
insert into zaposlenik values(69, 'Jelica', 'Grgiæ', 'jgrgic@email.hr', '04.08.2000', 'pedijatar', null, 32, null);
insert into zaposlenik values(70, 'Marko', 'Mlakar', 'markom@email.hr', '01.06.2001', 'onkolog', null, 32, null);
insert into zaposlenik values(71, 'Berislav', 'Jankoviæ', 'jberislav@email.hr', '18.12.2003', 'kirurg', null, 33, null);
insert into zaposlenik values(72, 'Marta', 'Lovriæ', 'martalovric@email.hr', '17.02.2004', 'dermatolog', null, 33, null);
insert into zaposlenik values(73, 'Vladislav', 'Medved', 'vmedved@email.hr', '07.04.2004', 'onkolog', null, 33, null);
insert into zaposlenik values(74, 'Danko', 'Lovriæ', 'dlovric@email.hr', '12.08.2004', 'kirurg', null, 34, null);
insert into zaposlenik values(75, 'Miroslava', 'Župan', 'mzupan@email.hr', '12.03.2007', 'pedijatar', null, 34, null);
insert into zaposlenik values(76, 'Gojko', 'Grgiæ', 'gojkog@email.hr', '18.09.2009', 'dermatolog', null, 34, null);
insert into zaposlenik values(77, 'Zvonimir', 'Mihaljeviæ', 'zmihaljevic@email.hr', '18.03.2010', 'kirurg', null, 35, null);
insert into zaposlenik values(78, 'Jolanda', 'Grgiæ', 'jolandag@email.hr', '11.05.2010', 'pulmolog', null, 35, null);
insert into zaposlenik values(79, 'Kristijan', 'Juriæ', 'kristijanj@email.hr', '11.06.2010', 'dermatolog', null, 35, null);
insert into zaposlenik values(80, 'Edi', 'Horvat', 'edihorvat@email.hr', '03.05.2011', 'kirurg', null, 36, null);
insert into zaposlenik values(81, 'Slobodan', 'Crnèeviæ', 'slobocrncevic@email.hr', '26.04.2013', 'pedijatar', null, 36, null);
insert into zaposlenik values(82, 'Marijana', 'Blaževiæ', 'mblazevic@email.hr', '09.08.2013', 'kardiolog', null, 36, null);
insert into zaposlenik values(83, 'Josipa', 'Ivanoviæ', 'jivanovic@email.hr', '07.04.2016', 'kirurg', null, 37, null);
insert into zaposlenik values(84, 'Marijan', 'Mihaljeviæ', 'mmihaljevicmm@email.hr', '06.11.2018', 'neurolog', null, 37, null);
insert into zaposlenik values(85, 'Romana', 'Lonèar', 'romanal@email.hr', '20.12.2019', 'onkolog', null, 37, null);
insert into zaposlenik values(86, 'Dino', 'Tomiæ', 'dinotomic@email.hr', '07.05.2020', 'kardiolog', null, 37, null);
insert into zaposlenik values(87, 'Lovre', 'Grbiæ', 'lovreg@email.hr', '20.08.2003', 'kirurg', null, 38, null);
insert into zaposlenik values(88, 'Valerija', 'Golub', 'vgolub@email.hr', '12.07.2006', 'neurolog', null, 38, null);
insert into zaposlenik values(89, 'Karmen', 'Kneževiæ', 'knezevick@email.hr', '03.05.2010', 'pedijatar', null, 38, null);
insert into zaposlenik values(90, 'Ela', 'Herceg', 'elaherceg@email.hr', '28.10.2016', 'kardiolog', null, 38, null);
insert into zaposlenik values(91, 'Gojko', 'Marjanoviæ', 'gojkom@email.hr', '11.02.2011', 'kirurg', null, 39, null);
insert into zaposlenik values(92, 'Erik', 'Matijeviæ', 'erikm@email.hr', '05.03.2018', 'neurolog', null, 39, null);
insert into zaposlenik values(93, 'Slavko', 'Mihaljeviæ', 'smihaljevic@email.hr', '22.09.2000', 'urolog', null, 39, null);
insert into zaposlenik values(94, 'Emil', 'Tadiæ', 'emiltadic@email.hr', '11.02.2002', 'kardiolog', null, 39, null);
insert into zaposlenik values(95, 'Mirka', 'Perkoviæ', 'mirkap@email.hr', '19.03.1999', 'kirurg', null, 40, null);
insert into zaposlenik values(96, 'Gabrijela', 'Stjepanoviæ', 'gstjepanovic@email.hr', '13.01.2021', 'neurolog', null, 40, null);
insert into zaposlenik values(97, 'Anica', 'Babiæ', 'ababic@email.hr', '30.11.2020', 'psihijatar', null, 40, null);
insert into zaposlenik values(98, 'Barbara', 'Filipoviæ', 'bfilipovic@email.hr', '05.11.2020', 'pedijatar', null, 40, null);
insert into zaposlenik values(99, 'Emanuel', 'Periæ', 'emanuelp@email.hr', '03.02.2009', 'kirurg', null, 41, null);
insert into zaposlenik values(100, 'Zlatica', 'Adamiæ', 'zadamic@email.hr', '07.05.2019', 'neurolog', null, 41, null);
insert into zaposlenik values(101, 'Eduard', 'Vlahoviæ', 'eduardv@email.hr', '22.09.2020', 'pedijatar', null, 41, null);
insert into zaposlenik values(102, 'Branimir', 'Stjepanoviæ', 'bstjepanovic@email.hr', '25.08.2009', 'reumatolog', null, 41, null);

-- usluge
insert into usluga values(1, 'Kontrolni pregled u ordinaciji', 80.00, 'LOM', 11);
insert into usluga values(1, 'Kontrolni pregled u ordinaciji', 90.00, 'LOM', 12);
insert into usluga values(1, 'Kontrolni pregled u ordinaciji', 150.00, 'SOM', 13);
insert into usluga values(1, 'Kontrolni pregled u ordinaciji', 80.00, 'LOM', 14);
insert into usluga values(1, 'Kontrolni pregled u ordinaciji', 140.00, 'SOM', 15);
insert into usluga values(1, 'Kontrolni pregled u ordinaciji', 80.00, 'LOM', 16);
insert into usluga values(1, 'Kontrolni pregled u ordinaciji', 85.00, 'LOM', 17);
insert into usluga values(1, 'Kontrolni pregled u ordinaciji', 150.00, 'SOM', 18);
insert into usluga values(1, 'Kontrolni pregled u ordinaciji', 155.00, 'SOM', 19);
insert into usluga values(1, 'Kontrolni pregled u ordinaciji', 100.00, 'LOM', 20);
insert into usluga values(2, 'Infuzija', 80.00, 'do 30 min', 11);
insert into usluga values(2, 'Infuzija', 80.00, 'do 30 min', 13);
insert into usluga values(2, 'Infuzija', 40.00, 'svakih 30 min', 15);
insert into usluga values(2, 'Infuzija', 70.00, 'do 30 min', 17);
insert into usluga values(2, 'Infuzija', 65.00, 'do 30 min', 19);
insert into usluga values(3, 'Injekcija', 50.00, null, 12);
insert into usluga values(3, 'Injekcija', 30.00, null, 14);
insert into usluga values(3, 'Injekcija', 35.00, null, 16);
insert into usluga values(3, 'Injekcija', 40.00, null, 18);
insert into usluga values(3, 'Injekcija', 50.00, null, 20);
insert into usluga values(4, 'Konzultacija', 100.00, null, 11);
insert into usluga values(4, 'Konzultacija', 100.00, null, 12);
insert into usluga values(4, 'Konzultacija', 125.00, null, 13);
insert into usluga values(4, 'Konzultacija', 80.00, null, 14);
insert into usluga values(4, 'Konzultacija', 90.00, null, 15);
insert into usluga values(4, 'Konzultacija', 175.00, null, 16);
insert into usluga values(4, 'Konzultacija', 110.00, null, 17);
insert into usluga values(4, 'Konzultacija', 100.00, null, 18);
insert into usluga values(4, 'Konzultacija', 115.00, null, 19);
insert into usluga values(4, 'Konzultacija', 100.00, null, 20);
insert into usluga values(5, 'Rinoskopija', 30.00, null, 11);
insert into usluga values(5, 'Rinoskopija', 30.00, null, 12);
insert into usluga values(5, 'Rinoskopija', 35.00, null, 13);
insert into usluga values(5, 'Rinoskopija', 30.00, null, 14);
insert into usluga values(5, 'Rinoskopija', 25.00, null, 15);
insert into usluga values(6, 'Otoskopija', 30.00, null, 16);
insert into usluga values(6, 'Otoskopija', 40.00, null, 17);
insert into usluga values(6, 'Otoskopija', 30.00, null, 18);
insert into usluga values(6, 'Otoskopija', 35.00, null, 19);
insert into usluga values(6, 'Otoskopija', 25.00, null, 20);
insert into usluga values(7, 'Papa razmaz', 130.00, null, 1);
insert into usluga values(7, 'Papa razmaz', 130.00, null, 5);
insert into usluga values(7, 'Papa razmaz', 150.00, 'stupanj èistoæe', 10);
insert into usluga values(8, 'Stomatološki pregled', 150.00, null,  21);
insert into usluga values(8, 'Stomatološki pregled', 100.00, null, 22);
insert into usluga values(8, 'Stomatološki pregled', 170.00, null, 23);
insert into usluga values(8, 'Stomatološki pregled', 150.00, null, 24);
insert into usluga values(8, 'Stomatološki pregled', 200.00, null, 25);
insert into usluga values(8, 'Stomatološki pregled', 150.00, null, 26);
insert into usluga values(8, 'Stomatološki pregled', 140.00, null, 27);
insert into usluga values(8, 'Stomatološki pregled', 150.00, null, 28);
insert into usluga values(8, 'Stomatološki pregled', 155.00, null, 29);
insert into usluga values(9, 'Vaðenje zuba', 500.00, null, 21);
insert into usluga values(9, 'Vaðenje zuba', 350.00, null, 22);
insert into usluga values(9, 'Vaðenje zuba', 450.00, null, 23);
insert into usluga values(9, 'Vaðenje zuba', 400.00, null, 24);
insert into usluga values(9, 'Vaðenje zuba', 700.00, null, 25);
insert into usluga values(9, 'Vaðenje zuba', 300.00, null, 26);
insert into usluga values(9, 'Vaðenje zuba', 400.00, null, 27);
insert into usluga values(9, 'Vaðenje zuba', 500.00, null, 28);
insert into usluga values(9, 'Vaðenje zuba', 650.00, null, 29);
insert into usluga values(10, 'Totalna proteza', 6000.00, null, 21);
insert into usluga values(10, 'Totalna proteza', 5000.00, null, 25);
insert into usluga values(10, 'Totalna proteza', 4500.00, null, 29);
insert into usluga values(11, 'Krunica', 555.00, null, 21);
insert into usluga values(11, 'Krunica', 700.00, null, 22);
insert into usluga values(11, 'Krunica', 450.00, null, 23);
insert into usluga values(11, 'Krunica', 400.00, null, 24);
insert into usluga values(11, 'Krunica', 300.00, null, 25);
insert into usluga values(11, 'Krunica', 250.00, null, 26);
insert into usluga values(11, 'Krunica', 500.00, null, 27);
insert into usluga values(11, 'Krunica', 500.00, null, 28);
insert into usluga values(11, 'Krunica', 425.00, null, 29);
insert into usluga values(12, 'Neurološki pregled', 220.00, null, 37);
insert into usluga values(12, 'Neurološki pregled', 250.00, null, 38);
insert into usluga values(12, 'Neurološki pregled', 200.00, null, 39);
insert into usluga values(12, 'Neurološki pregled', 250.00, null, 40);
insert into usluga values(12, 'Neurološki pregled', 210.00, null, 41);
insert into usluga values(13, 'Standardni EEG', 250.00, '16 kanala', 37);
insert into usluga values(13, 'Standardni EEG', 300.00, null, 38);
insert into usluga values(13, 'Standardni EEG', 280.00, '16 kanala', 39);
insert into usluga values(13, 'Standardni EEG', 320.00, null, 40);
insert into usluga values(13, 'Standardni EEG', 300.00, '16 kanala', 41);
insert into usluga values(14, 'CD karotida', 350.00, null, 37);
insert into usluga values(14, 'CD karotida', 370.00, null, 38);
insert into usluga values(14, 'CD karotida', 320.00, null, 39);
insert into usluga values(14, 'CD karotida', 350.00, null, 40);
insert into usluga values(14, 'CD karotida', 400.00, null, 41);
insert into usluga values(15, 'Specijalistièki oftamološki pregled', 220.00, null, 1);
insert into usluga values(15, 'Specijalistièki oftamološki pregled', 200.00, null, 3);
insert into usluga values(15, 'Specijalistièki oftamološki pregled', 250.00, null, 4);
insert into usluga values(15, 'Specijalistièki oftamološki pregled', 150.00, null, 6);
insert into usluga values(15, 'Specijalistièki oftamološki pregled', 175.00, null, 8);
insert into usluga values(15, 'Specijalistièki oftamološki pregled', 200.00, null, 9);
insert into usluga values(15, 'Specijalistièki oftamološki pregled', 220.00, null, 10);
insert into usluga values(16, 'Keratometrija', 50.00, null, 1);
insert into usluga values(16, 'Keratometrija', 70.00, null, 3);
insert into usluga values(16, 'Keratometrija', 45.00, null, 4);
insert into usluga values(16, 'Keratometrija', 60.00, null, 6);
insert into usluga values(16, 'Keratometrija', 50.00, null, 8);
insert into usluga values(16, 'Keratometrija', 50.00, null, 9);
insert into usluga values(16, 'Keratometrija', 55.00, null, 10);
insert into usluga values(17, 'Vaðenje potkožnog stranog tijela', 500.00, null, 30);
insert into usluga values(17, 'Vaðenje potkožnog stranog tijela', 550.00, null, 31);
insert into usluga values(17, 'Vaðenje potkožnog stranog tijela', 750.00, 'Pregled ukljuèen u cijenu', 32);
insert into usluga values(17, 'Vaðenje potkožnog stranog tijela', 450.00, null, 33);
insert into usluga values(17, 'Vaðenje potkožnog stranog tijela', 500.00, null, 34);
insert into usluga values(17, 'Vaðenje potkožnog stranog tijela', 800.00, 'Pregled ukljuèen u cijenu', 35);
insert into usluga values(17, 'Vaðenje potkožnog stranog tijela', 600.00, null, 36);
insert into usluga values(17, 'Vaðenje potkožnog stranog tijela', 400.00, null, 37);
insert into usluga values(17, 'Vaðenje potkožnog stranog tijela', 700.00, 'Pregled ukljuèen u cijenu', 38);
insert into usluga values(17, 'Vaðenje potkožnog stranog tijela', 650.00, 'Pregled ukljuèen u cijenu', 39);
insert into usluga values(17, 'Vaðenje potkožnog stranog tijela', 700.00, 'Pregled ukljuèen u cijenu', 40);
insert into usluga values(17, 'Vaðenje potkožnog stranog tijela', 600.00, 'Pregled ukljuèen u cijenu', 41);
insert into usluga values(18, 'Kirurško lijeèenje karpalnog kanala', 4000.00, 'Pregled ukljuèen u cijenu', 37);
insert into usluga values(18, 'Kirurško lijeèenje karpalnog kanala', 3500.00, 'Pregled ukljuèen u cijenu', 38);
insert into usluga values(18, 'Kirurško lijeèenje karpalnog kanala', 3000.00, 'Pregled ukljuèen u cijenu', 39);
insert into usluga values(18, 'Kirurško lijeèenje karpalnog kanala', 3250.00, 'Pregled ukljuèen u cijenu', 40);
insert into usluga values(18, 'Kirurško lijeèenje karpalnog kanala', 3500.00, 'Pregled ukljuèen u cijenu', 41);
insert into usluga values(19, 'Opskrba manjih rana uz lokalnu anesteziju i šivanje', 500.00, null, 30);
insert into usluga values(19, 'Opskrba manjih rana uz lokalnu anesteziju i šivanje', 550.00, null, 31);
insert into usluga values(19, 'Opskrba manjih rana uz lokalnu anesteziju i šivanje', 850.00, 'Pregled ukljuèen u cijenu', 32);
insert into usluga values(19, 'Opskrba manjih rana uz lokalnu anesteziju i šivanje', 550.00, null, 33);
insert into usluga values(19, 'Opskrba manjih rana uz lokalnu anesteziju i šivanje', 500.00, null, 34);
insert into usluga values(19, 'Opskrba manjih rana uz lokalnu anesteziju i šivanje', 825.00, 'Pregled ukljuèen u cijenu', 35);
insert into usluga values(19, 'Opskrba manjih rana uz lokalnu anesteziju i šivanje', 660.00, null, 36);
insert into usluga values(20, 'Fiziterapeutski pregled', 150.00, null, 2);
insert into usluga values(20, 'Fiziterapeutski pregled', 125.00, null, 6);
insert into usluga values(20, 'Fiziterapeutski pregled', 200.00, null, 7);
insert into usluga values(20, 'Fiziterapeutski pregled', 180.00, null, 10);
insert into usluga values(21, 'Fizioterapijski program za rame', 170.00, null, 2);
insert into usluga values(21, 'Fizioterapijski program za rame', 150.00, '45 min', 6);
insert into usluga values(21, 'Fizioterapijski program za rame', 250.00, null, 7);
insert into usluga values(21, 'Fizioterapijski program za rame', 225.00, '45 min', 10);
insert into usluga values(22, 'Fizioterapijski program za kukove', 170.00, '60 min', 2);
insert into usluga values(22, 'Fizioterapijski program za kukove', 150.00, null, 6);
insert into usluga values(22, 'Fizioterapijski program za kukove', 250.00, '45 min', 7);
insert into usluga values(22, 'Fizioterapijski program za kukove', 225.00, null, 10);

-- korištenje usluga
insert into korištenje_usluge values(1, 12, '96148740554', 26, '11.02.2021', 'Da');
insert into korištenje_usluge values(12, 41, '44857254783', 100, '12.04.2022', 'Da');
insert into korištenje_usluge values(15, 1, '46375890908', 1, '22.08.2017', 'Da');
insert into korištenje_usluge values(7, 1, '46375890908', 2, '06.10.2017', 'Da');
insert into korištenje_usluge values(20, 2, '19922906892', 3, '27.11.2017', 'Ne');
insert into korištenje_usluge values(20, 2, '95703251915', 3, '30.11.2017', 'Da');
insert into korištenje_usluge values(21, 2, '95703251915', 3, '22.09.2022', 'Da');
insert into korištenje_usluge values(15, 3, '06579500615', 5, '18.12.2017', 'Da');
insert into korištenje_usluge values(16, 3, '06579500615', 5, '29.03.2018', 'Da');
insert into korištenje_usluge values(16, 3, '06579500615', 5, '13.08.2018', 'Da');
insert into korištenje_usluge values(15, 4, '06437237233', 9, '17.10.2018', 'Ne');
insert into korištenje_usluge values(7, 5, '73578922397', 11, '26.10.2018', 'Da');
insert into korištenje_usluge values(7, 5, '73578922397', 11, '08.11.2018', 'Da');
insert into korištenje_usluge values(15, 6, '58253038897', 12, '17.07.2019', 'Ne');
insert into korištenje_usluge values(15, 6, '58253038897', 12, '04.12.2019', 'Ne');
insert into korištenje_usluge values(20, 6, '58253038897', 14, '13.02.2020', 'Ne');
insert into korištenje_usluge values(20, 7, '87321189212', 16, '06.04.2020', 'Da');
insert into korištenje_usluge values(15, 8, '50690098273', 17, '28.08.2020', 'Ne');
insert into korištenje_usluge values(15, 9, '96148740554', 20, '03.09.2020', 'Da');
insert into korištenje_usluge values(16, 9, '96148740554', 20, '27.10.2020', 'Da');
insert into korištenje_usluge values(1, 11, '14657590749', 24, '29.01.2021', 'Da');
insert into korištenje_usluge values(4, 11, '14657590749', 25, '20.04.2021', 'Da');
insert into korištenje_usluge values(5, 11, '14657590749', 25, '12.08.2021', 'Da');
insert into korištenje_usluge values(3, 12, '96148740554', 27, '10.05.2019', 'Da');
insert into korištenje_usluge values(1, 13, '39062525594', 28, '07.03.2018', 'Da');
insert into korištenje_usluge values(4, 13, '39062525594', 28, '02.04.2018', 'Da');
insert into korištenje_usluge values(2, 13, '19674598131', 29, '10.10.2021', 'Ne');
insert into korištenje_usluge values(5, 14, '07349403930', 30, '15.07.2017', 'Da');
insert into korištenje_usluge values(2, 15, '39920030359', 33, '17.08.2020', 'Ne');
insert into korištenje_usluge values(1, 16, '89482188398', 34, '18.01.2016', 'Da');
insert into korištenje_usluge values(4, 16, '33479423884', 34, '12.10.2021', 'Da');
insert into korištenje_usluge values(3, 16, '33479423884', 35, '02.03.2022', 'Da');
insert into korištenje_usluge values(1, 18, '62231842982', 38, '28.03.2018', 'Ne');
insert into korištenje_usluge values(2, 19, '49409609684', 41, '07.12.2019', 'Ne');
insert into korištenje_usluge values(4, 19, '49409609684', 40, '21.05.2022', 'Ne');
insert into korištenje_usluge values(3, 20, '82514597389', 43, '04.05.2016', 'Da');
insert into korištenje_usluge values(8, 21, '28459137403', 44, '18.11.2016', 'Da');
insert into korištenje_usluge values(9, 21, '28459137403', 44, '30.11.2016', 'Da');
insert into korištenje_usluge values(8, 21, '28459137403', 44, '17.02.2017', 'Da');
insert into korištenje_usluge values(11, 21, '28459137403', 44, '25.05.2017', 'Da');
insert into korištenje_usluge values(8, 22, '03811137684', 46, '07.06.2017', 'Da');
insert into korištenje_usluge values(9, 23, '48136062313', 48, '23.08.2017', 'Ne');
insert into korištenje_usluge values(8, 24, '04555166417', 50, '24.04.2019', 'Da');
insert into korištenje_usluge values(11, 24, '04555166417', 50, '19.03.2020', 'Da');
insert into korištenje_usluge values(10, 25, '23393355221', 52, '02.04.2020', 'Ne');
insert into korištenje_usluge values(17, 31, '52291038711', 65, '21.09.2016', 'Da');
insert into korištenje_usluge values(17, 31, '19920242396', 65, '16.06.2017', 'Da');
insert into korištenje_usluge values(19, 32, '63511938667', 68, '23.10.2017', 'Da');
insert into korištenje_usluge values(17, 33, '89142167810', 71, '29.12.2018', 'Ne');
insert into korištenje_usluge values(19, 34, '71617819747', 74, '16.12.2019', 'Da');
insert into korištenje_usluge values(17, 34, '95692075454', 74, '21.01.2020', 'Da');
insert into korištenje_usluge values(17, 34, '96388617033', 74, '30.01.2020', 'Ne');
insert into korištenje_usluge values(19, 34, '93481828380', 74, '20.04.2021', 'Ne');
insert into korištenje_usluge values(19, 35, '62794081460', 77, '01.07.2021', 'Da');
insert into korištenje_usluge values(12, 37, '93070818307', 84, '06.05.2016', 'Da');
insert into korištenje_usluge values(12, 37, '93070818307', 84, '02.08.2016', 'Da');
insert into korištenje_usluge values(13, 37, '19920242396', 84, '20.10.2016', 'Da');
insert into korištenje_usluge values(14, 37, '28142059587', 84, '04.11.2016', 'Ne');
insert into korištenje_usluge values(14, 37, '63512406622', 84, '20.03.2017', 'Ne');
insert into korištenje_usluge values(17, 37, '63512406622', 84, '17.10.2019', 'Ne');
insert into korištenje_usluge values(18, 37, '93596838513', 84, '27.04.2017', 'Da');
insert into korištenje_usluge values(18, 37, '29710961532', 84, '25.10.2018', 'Da');
insert into korištenje_usluge values(17, 37, '35898964400', 84, '07.02.2019', 'Da');
insert into korištenje_usluge values(17, 38, '12228918483', 87, '20.12.2016', 'Da');
insert into korištenje_usluge values(18, 38, '28716434238', 87, '27.04.2018', 'Ne');
insert into korištenje_usluge values(12, 38, '64151136338', 87, '23.01.2019', 'Da');
insert into korištenje_usluge values(13, 38, '85488614883', 87, '06.02.2020', 'Ne');
insert into korištenje_usluge values(12, 38, '12228918483', 87, '16.09.2021', 'Da');
insert into korištenje_usluge values(17, 38, '64151136338', 87, '21.03.2022', 'Da');
insert into korištenje_usluge values(12, 39, '84222297709', 92, '22.07.2016', 'Da');
insert into korištenje_usluge values(12, 39, '19920242396', 92, '24.10.2017', 'Ne');
insert into korištenje_usluge values(13, 39, '40625909008', 92, '02.05.2019', 'Da');
insert into korištenje_usluge values(14, 39, '53823357284', 92, '04.10.2019', 'Da');
insert into korištenje_usluge values(17, 39, '69753874175', 91, '04.03.2020', 'Ne');
insert into korištenje_usluge values(17, 39, '84222297709', 91, '12.10.2020', 'Da');
insert into korištenje_usluge values(18, 39, '87321189212', 91, '07.07.2021', 'Ne');
insert into korištenje_usluge values(17, 39, '99038574219', 91, '10.12.2021', 'Da');
insert into korištenje_usluge values(12, 40, '23393355221', 96, '04.05.2016', 'Da');
insert into korištenje_usluge values(12, 40, '23393355221', 96, '06.01.2017', 'Da');
insert into korištenje_usluge values(17, 40, '30590745813', 95, '16.01.2017', 'Ne');
insert into korištenje_usluge values(12, 40, '35162427651', 96, '27.03.2017', 'Da');
insert into korištenje_usluge values(13, 40, '35162427651', 96, '12.09.2017', 'Da');
insert into korištenje_usluge values(14, 40, '35162427651', 96, '22.07.2019', 'Da');
insert into korištenje_usluge values(18, 40, '42951936287', 95, '18.08.2020', 'Ne');
insert into korištenje_usluge values(17, 40, '46375890908', 95, '31.12.2020', 'Da');
insert into korištenje_usluge values(17, 40, '55921700745', 95, '26.07.2021', 'Da');
insert into korištenje_usluge values(17, 40, '62231842982', 95, '22.07.2019', 'Ne');
insert into korištenje_usluge values(12, 40, '81704122436', 96, '12.09.2017', 'Da');
insert into korištenje_usluge values(12, 41, '19922906892', 100, '18.07.2017', 'Da');
insert into korištenje_usluge values(13, 41, '19922906892', 100, '08.08.2018', 'Da');
insert into korištenje_usluge values(12, 41, '24640973017', 100, '29.10.2018', 'Ne');
insert into korištenje_usluge values(17, 41, '29785180744', 99, '27.12.2018', 'Da');
insert into korištenje_usluge values(18, 41, '30590745813', 99, '16.03.2020', 'Ne');
insert into korištenje_usluge values(17, 41, '35162427651', 99, '03.03.2021', 'Ne');
insert into korištenje_usluge values(12, 41, '44857254783', 100, '23.08.2021', 'Da');
insert into korištenje_usluge values(13, 41, '61379030049', 100, '05.01.2022', 'Da');
insert into korištenje_usluge values(14, 41, '94765510181', 100, '14.01.2022', 'Da');

commit;
